<?xml version="1.0" encoding="UTF-8"?>
<config xmlns="http://www.knime.org/2008/09/XMLConfig" xmlns:xsi="http://www.w3.org/2001/XMLSchema-instance" xsi:schemaLocation="http://www.knime.org/2008/09/XMLConfig http://www.knime.org/XMLConfig_2008_09.xsd" key="model.xml">
<entry key="version" type="xint" value="1"/>
<entry key="class_name" type="xstring" value="org.knime.distance.DistanceMeasurePortSpec"/>
<config key="model">
<entry key="distance-spec-version" type="xstring" value="1"/>
<config key="columns">
<entry key="array-size" type="xint" value="19"/>
<entry key="0" type="xstring" value="Male"/>
<entry key="1" type="xstring" value="Female"/>
<entry key="2" type="xstring" value="Unisex"/>
<entry key="3" type="xstring" value="DumpPoint"/>
<entry key="4" type="xstring" value="AccessLimited"/>
<entry key="5" type="xstring" value="PaymentRequired"/>
<entry key="6" type="xstring" value="KeyRequired"/>
<entry key="7" type="xstring" value="Parking"/>
<entry key="8" type="xstring" value="AccessibleMale"/>
<entry key="9" type="xstring" value="AccessibleFemale"/>
<entry key="10" type="xstring" value="AccessibleUnisex"/>
<entry key="11" type="xstring" value="ParkingAccessible"/>
<entry key="12" type="xstring" value="BabyChange"/>
<entry key="13" type="xstring" value="Showers"/>
<entry key="14" type="xstring" value="DrinkingWater"/>
<entry key="15" type="xstring" value="SharpsDisposal"/>
<entry key="16" type="xstring" value="SanitaryDisposal"/>
<entry key="17" type="xstring" value="distance_min"/>
<entry key="18" type="xstring" value="distance_max"/>
</config>
<config key="distance-characteristics">
<entry key="array-size" type="xint" value="1"/>
<entry key="0" type="xstring" value="METRIC"/>
</config>
<entry key="distance-measure-type" type="xstring" value="org.knime.distance.measure.numerical.lnorm.LNormDistanceFactory"/>
</config>
</config>
