<?xml version="1.0" encoding="UTF-8"?>
<config xmlns="http://www.knime.org/2008/09/XMLConfig" xmlns:xsi="http://www.w3.org/2001/XMLSchema-instance" xsi:schemaLocation="http://www.knime.org/2008/09/XMLConfig http://www.knime.org/XMLConfig_2008_09.xsd" key="model.xml">
<entry key="version" type="xint" value="1"/>
<entry key="class_name" type="xstring" value="org.knime.base.data.normalize.NormalizerPortObject"/>
<config key="model">
<config key="columns">
<config key="Male">
<entry key="column_name" type="xstring" value="Male"/>
<entry key="column_scale" type="xdouble" value="1.0"/>
<entry key="column_translate" type="xdouble" value="0.0"/>
<entry key="column_min" type="xdouble" value="0.0"/>
<entry key="column_max" type="xdouble" value="1.0"/>
</config>
<config key="Female">
<entry key="column_name" type="xstring" value="Female"/>
<entry key="column_scale" type="xdouble" value="1.0"/>
<entry key="column_translate" type="xdouble" value="0.0"/>
<entry key="column_min" type="xdouble" value="0.0"/>
<entry key="column_max" type="xdouble" value="1.0"/>
</config>
<config key="Unisex">
<entry key="column_name" type="xstring" value="Unisex"/>
<entry key="column_scale" type="xdouble" value="1.0"/>
<entry key="column_translate" type="xdouble" value="0.0"/>
<entry key="column_min" type="xdouble" value="0.0"/>
<entry key="column_max" type="xdouble" value="1.0"/>
</config>
<config key="DumpPoint">
<entry key="column_name" type="xstring" value="DumpPoint"/>
<entry key="column_scale" type="xdouble" value="1.0"/>
<entry key="column_translate" type="xdouble" value="0.0"/>
<entry key="column_min" type="xdouble" value="0.0"/>
<entry key="column_max" type="xdouble" value="1.0"/>
</config>
<config key="AccessLimited">
<entry key="column_name" type="xstring" value="AccessLimited"/>
<entry key="column_scale" type="xdouble" value="1.0"/>
<entry key="column_translate" type="xdouble" value="0.0"/>
<entry key="column_min" type="xdouble" value="0.0"/>
<entry key="column_max" type="xdouble" value="1.0"/>
</config>
<config key="PaymentRequired">
<entry key="column_name" type="xstring" value="PaymentRequired"/>
<entry key="column_scale" type="xdouble" value="1.0"/>
<entry key="column_translate" type="xdouble" value="0.0"/>
<entry key="column_min" type="xdouble" value="0.0"/>
<entry key="column_max" type="xdouble" value="1.0"/>
</config>
<config key="KeyRequired">
<entry key="column_name" type="xstring" value="KeyRequired"/>
<entry key="column_scale" type="xdouble" value="1.0"/>
<entry key="column_translate" type="xdouble" value="0.0"/>
<entry key="column_min" type="xdouble" value="0.0"/>
<entry key="column_max" type="xdouble" value="1.0"/>
</config>
<config key="Parking">
<entry key="column_name" type="xstring" value="Parking"/>
<entry key="column_scale" type="xdouble" value="1.0"/>
<entry key="column_translate" type="xdouble" value="0.0"/>
<entry key="column_min" type="xdouble" value="0.0"/>
<entry key="column_max" type="xdouble" value="1.0"/>
</config>
<config key="AccessibleMale">
<entry key="column_name" type="xstring" value="AccessibleMale"/>
<entry key="column_scale" type="xdouble" value="1.0"/>
<entry key="column_translate" type="xdouble" value="0.0"/>
<entry key="column_min" type="xdouble" value="0.0"/>
<entry key="column_max" type="xdouble" value="1.0"/>
</config>
<config key="AccessibleFemale">
<entry key="column_name" type="xstring" value="AccessibleFemale"/>
<entry key="column_scale" type="xdouble" value="1.0"/>
<entry key="column_translate" type="xdouble" value="0.0"/>
<entry key="column_min" type="xdouble" value="0.0"/>
<entry key="column_max" type="xdouble" value="1.0"/>
</config>
<config key="AccessibleUnisex">
<entry key="column_name" type="xstring" value="AccessibleUnisex"/>
<entry key="column_scale" type="xdouble" value="1.0"/>
<entry key="column_translate" type="xdouble" value="0.0"/>
<entry key="column_min" type="xdouble" value="0.0"/>
<entry key="column_max" type="xdouble" value="1.0"/>
</config>
<config key="ParkingAccessible">
<entry key="column_name" type="xstring" value="ParkingAccessible"/>
<entry key="column_scale" type="xdouble" value="1.0"/>
<entry key="column_translate" type="xdouble" value="0.0"/>
<entry key="column_min" type="xdouble" value="0.0"/>
<entry key="column_max" type="xdouble" value="1.0"/>
</config>
<config key="BabyChange">
<entry key="column_name" type="xstring" value="BabyChange"/>
<entry key="column_scale" type="xdouble" value="1.0"/>
<entry key="column_translate" type="xdouble" value="0.0"/>
<entry key="column_min" type="xdouble" value="0.0"/>
<entry key="column_max" type="xdouble" value="1.0"/>
</config>
<config key="Showers">
<entry key="column_name" type="xstring" value="Showers"/>
<entry key="column_scale" type="xdouble" value="1.0"/>
<entry key="column_translate" type="xdouble" value="0.0"/>
<entry key="column_min" type="xdouble" value="0.0"/>
<entry key="column_max" type="xdouble" value="1.0"/>
</config>
<config key="DrinkingWater">
<entry key="column_name" type="xstring" value="DrinkingWater"/>
<entry key="column_scale" type="xdouble" value="1.0"/>
<entry key="column_translate" type="xdouble" value="0.0"/>
<entry key="column_min" type="xdouble" value="0.0"/>
<entry key="column_max" type="xdouble" value="1.0"/>
</config>
<config key="SharpsDisposal">
<entry key="column_name" type="xstring" value="SharpsDisposal"/>
<entry key="column_scale" type="xdouble" value="1.0"/>
<entry key="column_translate" type="xdouble" value="0.0"/>
<entry key="column_min" type="xdouble" value="0.0"/>
<entry key="column_max" type="xdouble" value="1.0"/>
</config>
<config key="SanitaryDisposal">
<entry key="column_name" type="xstring" value="SanitaryDisposal"/>
<entry key="column_scale" type="xdouble" value="1.0"/>
<entry key="column_translate" type="xdouble" value="0.0"/>
<entry key="column_min" type="xdouble" value="0.0"/>
<entry key="column_max" type="xdouble" value="1.0"/>
</config>
<config key="distance_min">
<entry key="column_name" type="xstring" value="distance_min"/>
<entry key="column_scale" type="xdouble" value="3.65764447695684E-4"/>
<entry key="column_translate" type="xdouble" value="0.0"/>
<entry key="column_min" type="xdouble" value="0.0"/>
<entry key="column_max" type="xdouble" value="1.0"/>
</config>
<config key="distance_max">
<entry key="column_name" type="xstring" value="distance_max"/>
<entry key="column_scale" type="xdouble" value="4.551661356395084E-4"/>
<entry key="column_translate" type="xdouble" value="-0.8293126991351844"/>
<entry key="column_min" type="xdouble" value="0.0"/>
<entry key="column_max" type="xdouble" value="1.0"/>
</config>
</config>
<entry key="summary" type="xstring" value="Min/Max (0.0, 1) normalization on 19 column(s)"/>
</config>
</config>
